<?xml version="1.0" encoding="UTF-8"?>
<project-private xmlns="http://www.netbeans.org/ns/project-private/1">
    <editor-bookmarks xmlns="http://www.netbeans.org/ns/editor-bookmarks/2" lastBookmarkId="0"/>
    <open-files xmlns="http://www.netbeans.org/ns/projectui-open-files/2">
        <group>
            <file>file:/C:/Users/Bharat/Documents/NetBeansProjects/firstservlet/src/java/com/ControllerServlet.java</file>
            <file>file:/C:/Users/Bharat/Documents/NetBeansProjects/firstservlet/src/java/com/LoginBean.java</file>
            <file>file:/C:/Users/Bharat/Documents/NetBeansProjects/firstservlet/web/WEB-INF/web.xml</file>
            <file>file:/C:/Users/Bharat/Documents/NetBeansProjects/firstservlet/web/login-success.jsp</file>
            <file>file:/C:/Users/Bharat/Documents/NetBeansProjects/firstservlet/web/index.html</file>
            <file>file:/C:/Users/Bharat/Documents/NetBeansProjects/firstservlet/web/login-error.jsp</file>
        </group>
    </open-files>
</project-private>
